product_id,brand,reference,reason
smoke-crayon-8-pack,Sky Bacon,https://www.youtube.com/watch?v=-fB_WRXNjRo,"Daylight scene and plume/wind model not implemented; approved video exists, detailed timed visual review pending."
military-parachute-2-pack,Winda,https://www.youtube.com/watch?v=ns-fHDDgY7A,"Needs daylight framing, parachute descent and wind drift; no night-sky substitution. Detailed video review pending."
princess-parachute-2-pack,Winda,https://www.youtube.com/watch?v=VPzWHJ4q0yI,Exact P5089 video available; separate daylight parachute scene and descent model pending.
250-paratroopers,Winda,https://www.youtube.com/watch?v=2GWGuduAWJE,P5614: many small canopies need count/overlap review and daylight performance budget; not a generic aerial burst.
magic-crystal-4-pack,Brothers,https://www.youtube.com/watch?v=Kge4nm8SuNE,BP5028 reference exists; timed unit review and distinct spin/ascent profile pending.
take-me-to-your-leader,Winda,https://www.youtube.com/watch?v=uqMID7-IziA,P6030 reference exists; exact choreography and scene compatibility not yet reviewed.
drone,Fox,https://www.youtube.com/watch?v=Q7CVhPLCopc,Reference exists; manufacturer/model and unit choreography require review.
camo-smoke,,,No approved demonstration URL; identity and timed daylight emission unresolved.
neon-camo-smoke-4-pack,Black Cat,,No approved demonstration URL; variant and daylight plume unresolved.
skybolt-rockets-5-pack,Brothers,https://www.youtube.com/watch?v=UOJQVjB-d4w,Only BP1217-1 burst profiled. Remaining four labeled effects and actual lift need separate review.
nishiki-blast-6-pack,Raccoon,https://www.youtube.com/watch?v=K8poHnGn55w,First shell only. Remaining five effects seen in overview but not timed/reviewed individually.
monkey-mania-10-ball-candles-6-pack,Monkey Mania,https://www.youtube.com/watch?v=KeWM56ssE1Q,Complete first red candle only; green/blue variants need individual timing and comparison.
