id,name,brand,category,variant,review_scope,queries,sources,result,unapproved_candidates
star-light,Star Light,Winda,Assortments,Retail item; exact variant must be matched,Búsqueda adicional 2026-09-25 y contraste con catálogo.,2026-09-25: Star Light Winda fireworks assortment demo,,Demo Winda candidata. Falta verificar edición y composición exacta del surtido antes de aprobar.,https://www.youtube.com/watch?v=3scPct_OtaA | https://www.youtube.com/watch?v=MJDuh58FHZU
action-zone,Action Zone,Monkey Mania,Assortments,Family pack,Búsqueda adicional 2026-09-25 y contraste con catálogo.,2026-09-25: Action Zone Monkey Mania fireworks assortment demo,,Candidato Raccoon/Monkey Mania MM30003 de 2024; falta confirmar composición y edición del paquete publicado.,https://www.youtube.com/watch?v=8cpS5wa1-Ac | https://www.youtube.com/watch?v=U7BKoH1Ur1E
lets-celebrate,Let’s Celebrate,Monkey Mania,Assortments,Retail item; exact variant must be matched,Búsqueda adicional 2026-09-25 y contraste con catálogo.,2026-09-25: Lets Celebrate Monkey Mania fireworks assortment demo,,Los resultados devueltos son otros surtidos; no hay coincidencia exacta aprobada.,https://www.youtube.com/watch?v=2dHuIqzB-30 | https://www.youtube.com/watch?v=PH-5NXQctns
diwali-dazzler,Diwali Dazzler,Winda,Assortments,P0038,Búsqueda adicional 2026-09-25 y contraste con catálogo.,"Histórica: ""705108003808"" fireworks | 2026-09-25: Diwali Dazzler Winda P0038 fireworks",https://www.getwinda.com/product-page/diwali-dazzler | https://johnnyrocketsfireworks.com/products/diwalidazzler,Los candidatos son unboxing. No se confirmó demostración de los efectos de la composición exacta P0038.,https://www.youtube.com/watch?v=VZpO1bmVBFc | https://www.youtube.com/watch?v=pfswn-DHrdA
ceo-of-assortments,CEO of Assortments,Winda,Assortments,Retail item; exact variant must be matched,Búsqueda adicional 2026-09-25 y contraste con catálogo.,"Histórica: ""705108003907"" fireworks | 2026-09-25: CEO of Assortments Winda fireworks",https://www.getwinda.com/product-page/ceo-of-assortments | https://littlejsfireworks.com/product/ceo-of-assortments/ | https://nbfireworks.com/ceo-of-assortments-a-b-case/,"Los resultados prominentes son otros surtidos Winda (Primo/Notorious), sin coincidencia exacta.",https://www.youtube.com/watch?v=_7mRFmTTFgA | https://www.youtube.com/watch?v=J480JSPuqxg
no-3-cone-fountain-2-pack,No. 3 Cone Fountain,Monkey Mania,Fountains,2-cone pack,Búsqueda adicional 2026-09-25 y contraste con catálogo.,"Histórica: ""757201000062"" fireworks | 2026-09-25: Monkey Mania MM-FC06 No 3 Cone Fountain",https://www.raccoonfireworksusa.com/product-page/no-3-cone-fountain,Sin resultado exacto para Monkey Mania MM-FC06A/B de dos conos.,
flash-flood-assortment,Flash Flood,Brothers,Assortments,BP-A106,Búsqueda adicional 2026-09-25 y contraste con catálogo.,"Histórica: ""687985910601"" fireworks | 2026-09-25: Flash Flood Brothers BP-A106 fireworks",https://www.brotherspyrotechnics.com/ProductDetails/937,Candidato BP-A106 de unboxing; no se aprobó una demostración útil del surtido exacto.,https://www.youtube.com/watch?v=pnXXWb51QH8 | https://www.youtube.com/watch?v=uq9o435UW0k
solar-flare-no-3,Solar Flare #3,Black Cat,Fountains,CNBC288,Evidencia histórica preservada (revisión 2026-09-24); no búsqueda nueva individual.,"Histórica: Solar Flare #3 Black Cat CNBC288 fireworks demo; evidencia: Product/model and simpler name/brand YouTube queries checked; no exact, sufficiently supported demonstration was approved. Optional field intentionally empty.",https://www.wincofireworks.com/product/3-solar-wave-cone/ | https://www.wincofireworks.com/wp-content/uploads/2022/03/UPC-Excel-List_3.25.2022_r2.pdf,Sin demostración exacta aprobada en la revisión histórica por nombre/marca/modelo. No se volvió a abrir un candidato en esta iteración.,
120-shot-camo-pack,120 Shot Camo Pack,Unconfirmed,Roman Candles,12 candles · 120 shots total,Evidencia histórica preservada (revisión 2026-09-24); no búsqueda nueva individual.,"Histórica: 120 Shot Camo Pack  RCJP-510 fireworks demo; evidencia: Product/model and simpler name/brand YouTube queries checked; no exact, sufficiently supported demonstration was approved. Optional field intentionally empty.",https://www.wincofireworks.com/product/120-shot-camo-pack/ | https://www.wincofireworks.com/wp-content/uploads/2022/03/UPC-Excel-List_3.25.2022_r2.pdf,Sin demostración exacta aprobada en la revisión histórica por nombre/marca/modelo. No se volvió a abrir un candidato en esta iteración.,
above-the-law-assortment,Above the Law,Unconfirmed,Assortments,ATLAW,Evidencia histórica preservada (revisión 2026-09-24); no búsqueda nueva individual.,"Histórica: Above the Law  ATLAW fireworks demo; evidencia: Product/model and simpler name/brand YouTube queries checked; no exact, sufficiently supported demonstration was approved. Optional field intentionally empty.",https://www.wincofireworks.com/product/above-the-law/ | https://www.wincofireworks.com/wp-content/uploads/2022/03/UPC-Excel-List_3.25.2022_r2.pdf,Sin demostración exacta aprobada en la revisión histórica por nombre/marca/modelo. No se volvió a abrir un candidato en esta iteración.,
big-city-display,Big City Display,Black Cat,Assortments,ATBCITY,Evidencia histórica preservada (revisión 2026-09-24); no búsqueda nueva individual.,"Histórica: Big City Display Black Cat ATBCITY fireworks demo; evidencia: Product/model and simpler name/brand YouTube queries checked; no exact, sufficiently supported demonstration was approved. Optional field intentionally empty.",https://www.wincofireworks.com/product/big-city-display/ | https://www.wincofireworks.com/wp-content/uploads/2022/03/UPC-Excel-List_3.25.2022_r2.pdf,Sin demostración exacta aprobada en la revisión histórica por nombre/marca/modelo. No se volvió a abrir un candidato en esta iteración.,
big-and-bad-rockets,Big and Bad,Black Cat,Rockets,6 rockets,Evidencia histórica preservada (revisión 2026-09-24); no búsqueda nueva individual.,"Histórica: Big and Bad Black Cat ARBC476 fireworks demo; evidencia: Product/model and simpler name/brand YouTube queries checked; no exact, sufficiently supported demonstration was approved. Optional field intentionally empty.",https://www.wincofireworks.com/product/big-and-bad/ | https://www.wincofireworks.com/wp-content/uploads/2022/03/UPC-Excel-List_3.25.2022_r2.pdf,Sin demostración exacta aprobada en la revisión histórica por nombre/marca/modelo. No se volvió a abrir un candidato en esta iteración.,
black-cat-four-assorted-6-inch,Four Assorted 6-inch Fountains,Black Cat,Fountains,6-inch fountains · 4-pack,Evidencia histórica preservada (revisión 2026-09-24); no búsqueda nueva individual.,"Histórica: Four Assorted 6-inch Fountains Black Cat FNBC2001-17 fireworks demo; evidencia: Product/model and simpler name/brand YouTube queries checked; no exact, sufficiently supported demonstration was approved. Optional field intentionally empty.",https://www.wincofireworks.com/product/6-inch-four-assorted/ | https://www.wincofireworks.com/wp-content/uploads/2022/03/UPC-Excel-List_3.25.2022_r2.pdf,Sin demostración exacta aprobada en la revisión histórica por nombre/marca/modelo. No se volvió a abrir un candidato en esta iteración.,
cat-eyes-3-pack,Cat Eyes,Black Cat,Spinners,3 spinners,Evidencia histórica preservada (revisión 2026-09-24); no búsqueda nueva individual.,"Histórica: Cat Eyes Black Cat  fireworks demo; evidencia: Product/model and simpler name/brand YouTube queries checked; no exact, sufficiently supported demonstration was approved. Optional field intentionally empty.",https://www.wincofireworks.com/product/cat-eyes/ | https://www.wincofireworks.com/wp-content/uploads/2022/03/UPC-Excel-List_3.25.2022_r2.pdf,Sin demostración exacta aprobada en la revisión histórica por nombre/marca/modelo. No se volvió a abrir un candidato en esta iteración.,
little-dynamite-100,Little Dynamite,Black Cat,Firecrackers,100 firecrackers,Evidencia histórica preservada (revisión 2026-09-24); no búsqueda nueva individual.,"Histórica: Little Dynamite Black Cat FCBC105 fireworks demo; evidencia: Product/model and simpler name/brand YouTube queries checked; no exact, sufficiently supported demonstration was approved. Optional field intentionally empty.",https://www.wincofireworks.com/product/little-dynamite/ | https://www.wincofireworks.com/wp-content/uploads/2022/03/UPC-Excel-List_3.25.2022_r2.pdf,Sin demostración exacta aprobada en la revisión histórica por nombre/marca/modelo. No se volvió a abrir un candidato en esta iteración.,
3-for-1-fountains,3 For 1!,Black Cat,Fountains,3 fountains,Búsqueda adicional 2026-09-25; candidatos revisados por identidad.,2026-09-25: Black Cat 3 for 1 fountains 3 pack demo,https://www.wincofireworks.com/product/3-for-1/ | https://www.wincofireworks.com/wp-content/uploads/2022/03/UPC-Excel-List_3.25.2022_r2.pdf,Videos candidatos encontrados; nombres del surtido y edición exacta pendientes de revisión visual.,https://www.youtube.com/watch?v=QuAh33cHFVk | https://www.youtube.com/watch?v=JLJ6jZ5Yd2M
camo-smoke,Camo Smoke,Unconfirmed,Smoke,Single smoke tube,Evidencia histórica preservada (revisión 2026-09-24); no búsqueda nueva individual.,"Histórica: Camo Smoke  SMM100 fireworks demo; evidencia: Product/model and simpler name/brand YouTube queries checked; no exact, sufficiently supported demonstration was approved. Optional field intentionally empty.",https://www.wincofireworks.com/product/camo-smoke/ | https://www.wincofireworks.com/wp-content/uploads/2022/03/UPC-Excel-List_3.25.2022_r2.pdf,Sin demostración exacta aprobada en la revisión histórica por nombre/marca/modelo. No se volvió a abrir un candidato en esta iteración.,
confetti-blaster-24-inch,Confetti Blaster,Unconfirmed,Novelties,24-inch confetti blaster,Evidencia histórica preservada (revisión 2026-09-24); no búsqueda nueva individual.,"Histórica: Confetti Blaster  NV1741 fireworks demo; evidencia: Product/model and simpler name/brand YouTube queries checked; no exact, sufficiently supported demonstration was approved. Optional field intentionally empty.",https://www.wincofireworks.com/product/confetti-blasters-24/ | https://www.wincofireworks.com/wp-content/uploads/2022/03/UPC-Excel-List_3.25.2022_r2.pdf,Sin demostración exacta aprobada en la revisión histórica por nombre/marca/modelo. No se volvió a abrir un candidato en esta iteración.,
cracker-balls-6-pack,Cracker Balls,Black Cat,Novelties,6-pack,Evidencia histórica preservada (revisión 2026-09-24); no búsqueda nueva individual.,"Histórica: Cracker Balls Black Cat NVBC340 fireworks demo; evidencia: Product/model and simpler name/brand YouTube queries checked; no exact, sufficiently supported demonstration was approved. Optional field intentionally empty.",https://www.wincofireworks.com/product/cracker-balls/ | https://www.wincofireworks.com/wp-content/uploads/2022/03/UPC-Excel-List_3.25.2022_r2.pdf,Sin demostración exacta aprobada en la revisión histórica por nombre/marca/modelo. No se volvió a abrir un candidato en esta iteración.,
jr-pyro-backpack-black-cat,Jr. Pyro Backpack,Black Cat,Assortments,Backpack assortment,Evidencia histórica preservada (revisión 2026-09-24); no búsqueda nueva individual.,"Histórica: Jr. Pyro Backpack Black Cat ATBC089-12 fireworks demo; evidencia: Product/model and simpler name/brand YouTube queries checked; no exact, sufficiently supported demonstration was approved. Optional field intentionally empty.",https://www.wincofireworks.com/product/jr-pyro-backpack/ | https://www.wincofireworks.com/wp-content/uploads/2022/03/UPC-Excel-List_3.25.2022_r2.pdf,Sin demostración exacta aprobada en la revisión histórica por nombre/marca/modelo. No se volvió a abrir un candidato en esta iteración.,
jumbo-assorted-candles-4-pack,Jumbo Assorted Candles,Unconfirmed,Roman Candles,4 candles · 8 shots per candle,Evidencia histórica preservada (revisión 2026-09-24); no búsqueda nueva individual.,"Histórica: Jumbo Assorted Candles  RCLR3128A fireworks demo; evidencia: Product/model and simpler name/brand YouTube queries checked; no exact, sufficiently supported demonstration was approved. Optional field intentionally empty.",https://www.wincofireworks.com/product/jumbo-assorted-candles/ | https://www.wincofireworks.com/wp-content/uploads/2022/03/UPC-Excel-List_3.25.2022_r2.pdf,Sin demostración exacta aprobada en la revisión histórica por nombre/marca/modelo. No se volvió a abrir un candidato en esta iteración.,
texas-bandit-rockets,Texas Bandit Rocket,Black Cat,Rockets,6 rockets,Evidencia histórica preservada (revisión 2026-09-24); no búsqueda nueva individual.,"Histórica: Texas Bandit Rocket Black Cat ARBC484 fireworks demo; evidencia: Product/model and simpler name/brand YouTube queries checked; no exact, sufficiently supported demonstration was approved. Optional field intentionally empty.",https://www.wincofireworks.com/product/texas-bandit-rocket/ | https://www.wincofireworks.com/wp-content/uploads/2022/03/UPC-Excel-List_3.25.2022_r2.pdf,Sin demostración exacta aprobada en la revisión histórica por nombre/marca/modelo. No se volvió a abrir un candidato en esta iteración.,
junior-pyro-assortment,Junior Pyro,Black Cat,Assortments,ATJP-12,Evidencia histórica preservada (revisión 2026-09-24); no búsqueda nueva individual.,"Histórica: Junior Pyro Black Cat ATJP-12 fireworks demo; evidencia: Product/model and simpler name/brand YouTube queries checked; no exact, sufficiently supported demonstration was approved. Optional field intentionally empty.",https://www.wincofireworks.com/product/junior-pyro/ | https://www.wincofireworks.com/wp-content/uploads/2022/03/UPC-Excel-List_3.25.2022_r2.pdf,Sin demostración exacta aprobada en la revisión histórica por nombre/marca/modelo. No se volvió a abrir un candidato en esta iteración.,
kids-pack-black-cat,Kids Pack,Black Cat,Assortments,ATKP-1,Evidencia histórica preservada (revisión 2026-09-24); no búsqueda nueva individual.,"Histórica: Kids Pack Black Cat ATKP-1 fireworks demo; evidencia: Product/model and simpler name/brand YouTube queries checked; no exact, sufficiently supported demonstration was approved. Optional field intentionally empty.",https://www.wincofireworks.com/product/kids-pack/ | https://www.wincofireworks.com/wp-content/uploads/2022/03/UPC-Excel-List_3.25.2022_r2.pdf,Sin demostración exacta aprobada en la revisión histórica por nombre/marca/modelo. No se volvió a abrir un candidato en esta iteración.,
m150-red-12-pack,M-150 Red Salute,Black Cat,Firecrackers,12 firecrackers,Evidencia histórica preservada (revisión 2026-09-24); no búsqueda nueva individual.,"Histórica: M-150 Red Salute Black Cat FCBC117 fireworks demo; evidencia: Product/model and simpler name/brand YouTube queries checked; no exact, sufficiently supported demonstration was approved. Optional field intentionally empty.",https://www.wincofireworks.com/product/m-150-red-salute/ | https://www.wincofireworks.com/wp-content/uploads/2022/03/UPC-Excel-List_3.25.2022_r2.pdf,Sin demostración exacta aprobada en la revisión histórica por nombre/marca/modelo. No se volvió a abrir un candidato en esta iteración.,
m150-red-silver-36-pack,M-150 Red/Silver Salute,Black Cat,Firecrackers,36 firecrackers,Evidencia histórica preservada (revisión 2026-09-24); no búsqueda nueva individual.,"Histórica: M-150 Red/Silver Salute Black Cat FCBC114 fireworks demo; evidencia: Product/model and simpler name/brand YouTube queries checked; no exact, sufficiently supported demonstration was approved. Optional field intentionally empty.",https://www.wincofireworks.com/product/m-150-red-silver-salute-assorted/ | https://www.wincofireworks.com/wp-content/uploads/2022/03/UPC-Excel-List_3.25.2022_r2.pdf,Sin demostración exacta aprobada en la revisión histórica por nombre/marca/modelo. No se volvió a abrir un candidato en esta iteración.,
neon-camo-smoke-4-pack,Neon Camo Smoke,Black Cat,Smoke,4 smoke tubes,Evidencia histórica preservada (revisión 2026-09-24); no búsqueda nueva individual.,"Histórica: Neon Camo Smoke Black Cat SMBC725 fireworks demo; evidencia: Product/model and simpler name/brand YouTube queries checked; no exact, sufficiently supported demonstration was approved. Optional field intentionally empty.",https://www.wincofireworks.com/product/neon-camo-smoke/ | https://www.wincofireworks.com/wp-content/uploads/2022/03/UPC-Excel-List_3.25.2022_r2.pdf,Sin demostración exacta aprobada en la revisión histórica por nombre/marca/modelo. No se volvió a abrir un candidato en esta iteración.,
packin-purple,Packin' Purple,Black Cat,Fountains,FNBC2199,Búsqueda adicional 2026-09-25; candidatos revisados por identidad.,2026-09-25: Black Cat Packin Purple fountain BC2199 demo,https://www.wincofireworks.com/product/packin-purple/ | https://www.wincofireworks.com/wp-content/uploads/2022/03/UPC-Excel-List_3.25.2022_r2.pdf,Candidato Den Fireworks por nombre y marca; variante exacta y reproducción todavía no aprobadas.,https://www.youtube.com/watch?v=iEWLBwBQITg
party-animal-assortment,Party Animal,Black Cat,Assortments,ATBCPA,Evidencia histórica preservada (revisión 2026-09-24); no búsqueda nueva individual.,"Histórica: Party Animal Black Cat ATBCPA fireworks demo; evidencia: Product/model and simpler name/brand YouTube queries checked; no exact, sufficiently supported demonstration was approved. Optional field intentionally empty.",https://www.wincofireworks.com/product/party-animal/ | https://www.wincofireworks.com/wp-content/uploads/2022/03/UPC-Excel-List_3.25.2022_r2.pdf,Sin demostración exacta aprobada en la revisión histórica por nombre/marca/modelo. No se volvió a abrir un candidato en esta iteración.,
black-cat-party-pack-5,Party Pack #5,Black Cat,Assortments,ATGKPP5,Evidencia histórica preservada (revisión 2026-09-24); no búsqueda nueva individual.,"Histórica: Party Pack #5 Black Cat ATGKPP5 fireworks demo; evidencia: Product/model and simpler name/brand YouTube queries checked; no exact, sufficiently supported demonstration was approved. Optional field intentionally empty.",https://www.wincofireworks.com/product/party-pack-5/ | https://www.wincofireworks.com/wp-content/uploads/2022/03/UPC-Excel-List_3.25.2022_r2.pdf,Sin demostración exacta aprobada en la revisión histórica por nombre/marca/modelo. No se volvió a abrir un candidato en esta iteración.,
black-cat-party-pack-5-safe-sane,Party Pack #5 Safe and Sane,Black Cat,Assortments,Safe and sane assortment,Evidencia histórica preservada (revisión 2026-09-24); no búsqueda nueva individual.,"Histórica: Party Pack #5 Safe and Sane Black Cat ATGKPP5S fireworks demo; evidencia: Product/model and simpler name/brand YouTube queries checked; no exact, sufficiently supported demonstration was approved. Optional field intentionally empty.",https://www.wincofireworks.com/product/party-pack-5-safe-and-sane/ | https://www.wincofireworks.com/wp-content/uploads/2022/03/UPC-Excel-List_3.25.2022_r2.pdf,Sin demostración exacta aprobada en la revisión histórica por nombre/marca/modelo. No se volvió a abrir un candidato en esta iteración.,
black-cat-party-pack-6,Party Pack #6,Black Cat,Assortments,ATBBPP6,Evidencia histórica preservada (revisión 2026-09-24); no búsqueda nueva individual.,"Histórica: Party Pack #6 Black Cat ATBBPP6 fireworks demo; evidencia: Product/model and simpler name/brand YouTube queries checked; no exact, sufficiently supported demonstration was approved. Optional field intentionally empty.",https://www.wincofireworks.com/product/party-pack-6/ | https://www.wincofireworks.com/wp-content/uploads/2022/03/UPC-Excel-List_3.25.2022_r2.pdf,Sin demostración exacta aprobada en la revisión histórica por nombre/marca/modelo. No se volvió a abrir un candidato en esta iteración.,
party-poppers-6-pack,Party Poppers,Black Cat,Novelties,6 party poppers,Evidencia histórica preservada (revisión 2026-09-24); no búsqueda nueva individual.,"Histórica: Party Poppers Black Cat NVBC341A fireworks demo; evidencia: Product/model and simpler name/brand YouTube queries checked; no exact, sufficiently supported demonstration was approved. Optional field intentionally empty.",https://www.wincofireworks.com/product/party-popper-2/ | https://www.wincofireworks.com/wp-content/uploads/2022/03/UPC-Excel-List_3.25.2022_r2.pdf,Sin demostración exacta aprobada en la revisión histórica por nombre/marca/modelo. No se volvió a abrir un candidato en esta iteración.,
doggie-doo-doo,Doggie Doo Doo,Unconfirmed,Novelties,NVJP-345,Evidencia histórica preservada (revisión 2026-09-24); no búsqueda nueva individual.,"Histórica: Doggie Doo Doo  NVJP-345 fireworks demo; evidencia: Product/model and simpler name/brand YouTube queries checked; no exact, sufficiently supported demonstration was approved. Optional field intentionally empty.",https://www.wincofireworks.com/product/doggie-doo-doo/ | https://www.wincofireworks.com/wp-content/uploads/2022/03/UPC-Excel-List_3.25.2022_r2.pdf,Sin demostración exacta aprobada en la revisión histórica por nombre/marca/modelo. No se volvió a abrir un candidato en esta iteración.,
pride-and-honor-6,Pride and Honor #6,Black Cat,Assortments,Retail item; exact variant must be matched,Evidencia histórica preservada (revisión 2026-09-24); no búsqueda nueva individual.,"Histórica: Pride and Honor #6 Black Cat  fireworks demo; evidencia: Product/model and simpler name/brand YouTube queries checked; no exact, sufficiently supported demonstration was approved. Optional field intentionally empty.",https://www.wincofireworks.com/product/black-cat-pride-and-honor-6/ | https://www.wincofireworks.com/wp-content/uploads/2022/03/UPC-Excel-List_3.25.2022_r2.pdf,Sin demostración exacta aprobada en la revisión histórica por nombre/marca/modelo. No se volvió a abrir un candidato en esta iteración.,
princess-power-sword,Princess Power Sword,Unconfirmed,Fountains,Pink sword fountain,Búsqueda adicional 2026-09-25 y contraste con catálogo.,2026-09-25: Princess Power Sword fireworks fountain,https://www.wincofireworks.com/product/princess-sword/ | https://www.wincofireworks.com/wp-content/uploads/2022/03/UPC-Excel-List_3.25.2022_r2.pdf,Candidato HH-TPF8022; marca y equivalencia con la unidad Square aún no confirmadas.,https://www.youtube.com/watch?v=Uo5Yp3exVNs | https://www.youtube.com/watch?v=lpHKVawSCKA
pyro-city-safe-sane,Pyro City Safe and Sane,Black Cat,Assortments,Safe and sane assortment,Evidencia histórica preservada (revisión 2026-09-24); no búsqueda nueva individual.,"Histórica: Pyro City Safe and Sane Black Cat ATPCS-2 fireworks demo; evidencia: Product/model and simpler name/brand YouTube queries checked; no exact, sufficiently supported demonstration was approved. Optional field intentionally empty.",https://www.wincofireworks.com/product/pyro-city-safe-and-sane/ | https://www.wincofireworks.com/wp-content/uploads/2022/03/UPC-Excel-List_3.25.2022_r2.pdf,Sin demostración exacta aprobada en la revisión histórica por nombre/marca/modelo. No se volvió a abrir un candidato en esta iteración.,
pyro-city-assortment,Pyro City,Unconfirmed,Assortments,ATPC-2,Evidencia histórica preservada (revisión 2026-09-24); no búsqueda nueva individual.,"Histórica: Pyro City  ATPC-2 fireworks demo; evidencia: Product/model and simpler name/brand YouTube queries checked; no exact, sufficiently supported demonstration was approved. Optional field intentionally empty.",https://www.wincofireworks.com/product/pyro-city/ | https://www.wincofireworks.com/wp-content/uploads/2022/03/UPC-Excel-List_3.25.2022_r2.pdf,Sin demostración exacta aprobada en la revisión histórica por nombre/marca/modelo. No se volvió a abrir un candidato en esta iteración.,
pyro-pack,Pyro Pack,Black Cat,Assortments,ATPP-12,Evidencia histórica preservada (revisión 2026-09-24); no búsqueda nueva individual.,"Histórica: Pyro Pack Black Cat ATPP-12 fireworks demo; evidencia: Product/model and simpler name/brand YouTube queries checked; no exact, sufficiently supported demonstration was approved. Optional field intentionally empty.",https://www.wincofireworks.com/product/pyro-pack/ | https://www.wincofireworks.com/wp-content/uploads/2022/03/UPC-Excel-List_3.25.2022_r2.pdf,Sin demostración exacta aprobada en la revisión histórica por nombre/marca/modelo. No se volvió a abrir un candidato en esta iteración.,
the-beast-black-cat,The Beast,Black Cat,Assortments,ATBCBST,Evidencia histórica preservada (revisión 2026-09-24); no búsqueda nueva individual.,"Histórica: The Beast Black Cat ATBCBST fireworks demo; evidencia: Product/model and simpler name/brand YouTube queries checked; no exact, sufficiently supported demonstration was approved. Optional field intentionally empty.",https://www.wincofireworks.com/product/the-beast/ | https://www.wincofireworks.com/wp-content/uploads/2022/03/UPC-Excel-List_3.25.2022_r2.pdf,Sin demostración exacta aprobada en la revisión histórica por nombre/marca/modelo. No se volvió a abrir un candidato en esta iteración.,
victory-sword,Victory Sword,Unconfirmed,Fountains,FNPK8022,Búsqueda adicional 2026-09-25 y contraste con catálogo.,2026-09-25: Victory Sword fireworks fountain,https://www.wincofireworks.com/product/victory-sword/ | https://www.wincofireworks.com/wp-content/uploads/2022/03/UPC-Excel-List_3.25.2022_r2.pdf,Candidato Winco FNPK8022 / Legend; falta vincular el código al producto sin marca confirmada.,https://www.youtube.com/watch?v=zRPX6D9Sspg | https://www.youtube.com/watch?v=TP_CVBCc4-U
whistling-chaser-8-pack,Whistling Chaser,Unconfirmed,Spinners,8-pack,Evidencia histórica preservada (revisión 2026-09-24); no búsqueda nueva individual.,"Histórica: Whistling Chaser  SP0238A fireworks demo; evidencia: Product/model and simpler name/brand YouTube queries checked; no exact, sufficiently supported demonstration was approved. Optional field intentionally empty.",https://www.wincofireworks.com/product/whistling-chaser/ | https://www.wincofireworks.com/wp-content/uploads/2022/03/UPC-Excel-List_3.25.2022_r2.pdf,Sin demostración exacta aprobada en la revisión histórica por nombre/marca/modelo. No se volvió a abrir un candidato en esta iteración.,
black-cat-morning-glory-36-inch,36-inch Morning Glory,Black Cat,Sparklers,36-inch sparklers · 6-pack,Evidencia histórica preservada (revisión 2026-09-24); no búsqueda nueva individual.,"Histórica: 36-inch Morning Glory Black Cat SKBC313-24 fireworks demo; evidencia: Product/model and simpler name/brand YouTube queries checked; no exact, sufficiently supported demonstration was approved. Optional field intentionally empty.",https://www.wincofireworks.com/product/36-morning-glory/ | https://www.wincofireworks.com/wp-content/uploads/2022/03/UPC-Excel-List_3.25.2022_r2.pdf,Sin demostración exacta aprobada en la revisión histórica por nombre/marca/modelo. No se volvió a abrir un candidato en esta iteración.,
excellent-bag,Excellent Bag,Black Cat,Assortments,ATBC032,Evidencia histórica preservada (revisión 2026-09-24); no búsqueda nueva individual.,"Histórica: Excellent Bag Black Cat ATBC032 fireworks demo; evidencia: Product/model and simpler name/brand YouTube queries checked; no exact, sufficiently supported demonstration was approved. Optional field intentionally empty.",https://www.wincofireworks.com/product/excellent-bag/ | https://www.wincofireworks.com/wp-content/uploads/2022/03/UPC-Excel-List_3.25.2022_r2.pdf,Sin demostración exacta aprobada en la revisión histórica por nombre/marca/modelo. No se volvió a abrir un candidato en esta iteración.,
cowboy-rockets-9-pack,Cowboy Rocket,Black Cat,Rockets,9 rockets,Evidencia histórica preservada (revisión 2026-09-24); no búsqueda nueva individual.,"Histórica: ""715244004867"" fireworks",https://www.wincofireworks.com/product/cowboy-rocket/ | https://www.wincofireworks.com/wp-content/uploads/2022/03/UPC-Excel-List_3.25.2022_r2.pdf,Sin demostración exacta aprobada en la revisión histórica por nombre/marca/modelo. No se volvió a abrir un candidato en esta iteración.,
stealth-bomber-2-pack,Stealth Bomber,Black Cat,Spinners,2-pack,Evidencia histórica preservada (revisión 2026-09-24); no búsqueda nueva individual.,"Histórica: ""715244009312"" fireworks",https://www.wincofireworks.com/product/stealth-bomber/ | https://www.wincofireworks.com/wp-content/uploads/2022/03/UPC-Excel-List_3.25.2022_r2.pdf,Sin demostración exacta aprobada en la revisión histórica por nombre/marca/modelo. No se volvió a abrir un candidato en esta iteración.,
8-oz-rockets-cutting-edge,8 oz Rockets,Cutting Edge,Rockets,12 rockets,Búsqueda adicional 2026-09-25 y contraste con catálogo.,"Histórica: ""8145270170700"" fireworks | 2026-09-25: Cutting Edge 8 oz Rockets 12 fireworks",https://shop.intergalacticfireworks.com/8-oz-rocket.html,Resultados Sky Painter/otras marcas; no confirman Cutting Edge 12 cohetes.,https://www.youtube.com/watch?v=GBXQl1JYJIQ | https://www.youtube.com/watch?v=h6aDdrQO4AE
mini-artillery-12-pack,1-inch Mini Artillery Shells,Cutting Edge,Artillery Shells,1-inch shells · 12-pack,Búsqueda adicional 2026-09-25; candidatos revisados por identidad.,"Histórica: ""8145270161111"" fireworks | 2026-09-25: Cutting Edge Mini Artillery 12 pack 1 inch shells demo",https://thefireworkssuperstore.com/shop/1in-mini-artillery-shells-12-pack,Los resultados P8010 son Winda; el comparativo de cuatro marcas no confirmó la presentación exacta Cutting Edge.,https://www.youtube.com/watch?v=uG2UYvfIbo8 | https://www.youtube.com/watch?v=nI_XUu-b_QY
black-cat-2000-roll,Black Cat 2000 Roll,Black Cat,Firecrackers,2000-count roll,Evidencia histórica preservada (revisión 2026-09-24); no búsqueda nueva individual.,"Histórica: Black Cat 2000 Roll Black Cat  fireworks demo; evidencia: Product/model and simpler name/brand YouTube queries checked; no exact, sufficiently supported demonstration was approved. Optional field intentionally empty.",https://bigdaddyksfireworksoutlet.com/product/black-cat-2000-roll/ | https://www.wincofireworks.com/product/black-cat-2000-roll/,Sin demostración exacta aprobada en la revisión histórica por nombre/marca/modelo. No se volvió a abrir un candidato en esta iteración.,
world-class-saturn-25,25 Shot Saturn Missile,World-Class,Missiles,25 shots · Plastic base,Evidencia histórica preservada (revisión 2026-09-24); no búsqueda nueva individual.,"Histórica: ""805253354814"" fireworks",https://bigdaddyksfireworksoutlet.com/product/25-shot-saturn-missile-plastic/,Sin demostración exacta aprobada en la revisión histórica por nombre/marca/modelo. No se volvió a abrir un candidato en esta iteración.,
whistling-buster-6-pack,Whistling Buster,T-Sky,Artillery Shells,6 shells · 1 tube,Búsqueda adicional 2026-09-25; candidatos revisados por identidad.,"Histórica: ""841527101258"" fireworks | 2026-09-25: T-Sky Whistling Buster 6 shells demo",https://usa-fireworks.com/products/artillery-shells/whistling-buster-6-shots/,"Los candidatos corresponden a Miracle y Winda P-W520, no a T-Sky.",https://www.youtube.com/watch?v=a1k4jMwmLFU | https://www.youtube.com/watch?v=rmD93J2Fyh8
black-cat-50-pack,Black Cat Firecrackers 50 Pack,Black Cat,Firecrackers,50-count pack,Evidencia histórica preservada (revisión 2026-09-24); no búsqueda nueva individual.,"Histórica: ""715244101504"" fireworks",https://usa-fireworks.com/products/firecrackers/black-cat-firecrackers-pack-of-50/ | https://beta2024.usa-fireworks.com/products/firecrackers/product-177-variation-1/,Sin demostración exacta aprobada en la revisión histórica por nombre/marca/modelo. No se volvió a abrir un candidato en esta iteración.,
black-cat-200-pack,Black Cat Firecrackers 200 Pack,Black Cat,Firecrackers,200-count pack,Evidencia histórica preservada (revisión 2026-09-24); no búsqueda nueva individual.,"Histórica: ""715244102006"" fireworks",https://usa-fireworks.com/products/firecrackers/black-cat-firecrackers-pack-of-200/,Sin demostración exacta aprobada en la revisión histórica por nombre/marca/modelo. No se volvió a abrir un candidato en esta iteración.,
cutting-edge-1000-roll,Cutting Edge 1000 Roll,Cutting Edge,Firecrackers,1000-count roll,Evidencia histórica preservada (revisión 2026-09-24); no búsqueda nueva individual.,"Histórica: ""8145270101216"" fireworks",https://usa-fireworks.com/products/firecrackers/cutting-edge-firecrackers-1000-roll/,Sin demostración exacta aprobada en la revisión histórica por nombre/marca/modelo. No se volvió a abrir un candidato en esta iteración.,
junior-pyro-pack-sky-bacon,Junior Pyro Pack,Sky Bacon,Assortments,Blue backpack · Safe & Sane assortment,Evidencia histórica preservada (revisión 2026-09-24); no búsqueda nueva individual.,"Histórica: ""193936959969"" fireworks",https://76fireworkstore.com/AT265B-Junior-Pyro-Pack-SS-R-PC | https://www.lastchancefireworks.com/shop/Assortment-Value-Packs/p/Junior-Pyro-Pack-Sky-Bacon.htm | https://usa-fireworks.com/products/assortments/junior-pyro-pack/ | https://shop.pyrocrate.com/AT265B-Junior-Pyro-Pack-SS-R-PC/,Sin demostración exacta aprobada en la revisión histórica por nombre/marca/modelo. No se volvió a abrir un candidato en esta iteración.,
killer-bees-4-pack,Killer Bees,Sky Bacon,Fountains,4-pack,Búsqueda adicional 2026-09-25; candidatos revisados por identidad.,"Histórica: ""816597940465"" fireworks | 2026-09-25: Sky Bacon Killer Bees 4 pack fountain demo",https://whitelightningfireworks.com/FN275-Killer-Bees-244-R-PK/ | https://76fireworkstore.com/FN275-Killer-Bees-244-R-PK,Candidato Dos Gringos: falta comprobar presentación de cuatro unidades. Otro resultado Sky Painter no confirma marca.,https://www.youtube.com/watch?v=pA3xMAwC5Ko | https://www.youtube.com/watch?v=bVshsMyhNCs
m-5000-world-class-12-pack,M-5000 Salute Crackers,World-Class,Firecrackers,12-pack,Evidencia histórica preservada (revisión 2026-09-24); no búsqueda nueva individual.,"Histórica: ""8052530020319"" fireworks",https://usa-fireworks.com/products/firecrackers-salutes/m-60-salute-crackers-12-pack/,Sin demostración exacta aprobada en la revisión histórica por nombre/marca/modelo. No se volvió a abrir un candidato en esta iteración.,
m-5000-cutting-edge-12-pack,M-5000 Salute Crackers,Cutting Edge,Firecrackers,12-pack,Evidencia histórica preservada (revisión 2026-09-24); no búsqueda nueva individual.,"Histórica: ""8145270103616"" fireworks",https://usa-fireworks.com/products/firecrackers-salutes/m-5000-salute-crackers-12-pack/,Sin demostración exacta aprobada en la revisión histórica por nombre/marca/modelo. No se volvió a abrir un candidato en esta iteración.,
major-mojo,Major Mojo,World-Class,Assortments,Retail item; exact variant must be matched,Evidencia histórica preservada (revisión 2026-09-24); no búsqueda nueva individual.,"Histórica: ""805253396814"" fireworks",https://beta2024.usa-fireworks.com/products/assortments/major-mojo/ | https://www.jakesfireworks.com/fw_type/full-line-family-packs/ | https://www.gogofireworks.com/major-mojo,Sin demostración exacta aprobada en la revisión histórica por nombre/marca/modelo. No se volvió a abrir un candidato en esta iteración.,
morning-glory-144-cutting-edge,14-inch Morning Glory,Cutting Edge,Sparklers,14-inch sparklers · 144-count box,Evidencia histórica preservada (revisión 2026-09-24); no búsqueda nueva individual.,"Histórica: ""8145270180211"" fireworks",https://usa-fireworks.com/products/sparklers/morning-glory-sparklers-box/,Sin demostración exacta aprobada en la revisión histórica por nombre/marca/modelo. No se volvió a abrir un candidato en esta iteración.,
poopy-puppy,Poopy Puppy,Unconfirmed,Novelties,Retail item; exact variant must be matched,Evidencia histórica preservada (revisión 2026-09-24); no búsqueda nueva individual.,"Histórica: ""8052530222713"" fireworks",https://usa-fireworks.com/products/novelty/poopy-puppy/ | https://bigdaddyksfireworksoutlet.com/product/pooping-dog/,Sin demostración exacta aprobada en la revisión histórica por nombre/marca/modelo. No se volvió a abrir un candidato en esta iteración.,
pyro-princess-pack,Pyro Princess Pack,Sky Bacon,Assortments,Pink backpack · Safe & Sane assortment,Evidencia histórica preservada (revisión 2026-09-24); no búsqueda nueva individual.,"Histórica: ""193936959976"" fireworks",https://usa-fireworks.com/products/assortments/pyro-princess-pack/ | https://staging.usa-fireworks.com/products/new-products/pyro-princess-pack/ | https://lowcountryfireworks.com/AT265H-Pyro-Princess-Pack-SS-R-PC/ | https://leefamilyfirework.com/AT265H-Pyro-Princess-Pack-SS-R-PC/ | https://backyardheroesfireworks.com/product/pyro-princess-pack/,Sin demostración exacta aprobada en la revisión histórica por nombre/marca/modelo. No se volvió a abrir un candidato en esta iteración.,
american-saturn-missile-300,American Saturn Missile Battery,World-Class,Missiles,300 shots,Búsqueda adicional 2026-09-25 y contraste con catálogo.,"Histórica: ""8052531311515"" fireworks | 2026-09-25: World Class American Saturn 300 fireworks",https://thefireworkssuperstore.com/shop/300-shots,Resultados de cantidades o tipos distintos; ninguno confirma World-Class 300 misiles.,https://www.youtube.com/watch?v=oYlyEvikKAI | https://www.youtube.com/watch?v=aiF8FwZ5qJk
stars-and-stripes-assortment,Stars and Stripes,World-Class,Assortments,Retail item; exact variant must be matched,Evidencia histórica preservada (revisión 2026-09-24); no búsqueda nueva individual.,"Histórica: ""8052530040416"" fireworks",https://thefireworkssuperstore.com/shop/stars-and-stripes-assortment | https://bigdaddyksfireworksoutlet.com/product/stars-stripes/ | https://www.jakesfireworks.com/fw_type/full-line-family-packs/,Sin demostración exacta aprobada en la revisión histórica por nombre/marca/modelo. No se volvió a abrir un candidato en esta iteración.,
the-king-assortment,The King,World-Class,Assortments,Retail item; exact variant must be matched,Evidencia histórica preservada (revisión 2026-09-24); no búsqueda nueva individual.,"Histórica: ""8052530040119"" fireworks",https://thefireworkssuperstore.com/shop/the-king | https://ocfireworks.com/4-fiberglass-mortar-tube-single-tube/,Sin demostración exacta aprobada en la revisión histórica por nombre/marca/modelo. No se volvió a abrir un candidato en esta iteración.,
torpedo-snappers,Torpedo Snappers,Black Cat,Novelties,20-count box,Evidencia histórica preservada (revisión 2026-09-24); no búsqueda nueva individual.,"Histórica: ""652009003454"" fireworks",https://usa-fireworks.com/products/novelty/torpedo-snappers/ | https://staging.usa-fireworks.com/products/novelty/torpedo-snapper/ | https://www.wincofireworks.com/product/torpedo-snapper/,Sin demostración exacta aprobada en la revisión histórica por nombre/marca/modelo. No se volvió a abrir un candidato en esta iteración.,
unicorn-chaser-2-pack,Unicorn Chaser,Sky Bacon,Novelties,2-pack,Evidencia histórica preservada (revisión 2026-09-24); no búsqueda nueva individual.,"Histórica: ""680149048431"" fireworks",https://whitelightningfireworks.com/NV154-Unicorn-Chaser-R-PK/,Sin demostración exacta aprobada en la revisión histórica por nombre/marca/modelo. No se volvió a abrir un candidato en esta iteración.,
what-boys-are-made-of,What Boys Are Made Of,World-Class,Assortments,Backpack assortment,Evidencia histórica preservada (revisión 2026-09-24); no búsqueda nueva individual.,"Histórica: ""8052530044216"" fireworks",https://beta2024.usa-fireworks.com/products/assortments/what-boys-are-made-of/ | https://thefireworkssuperstore.com/shop/what-boys-are-made-of-backpack,Sin demostración exacta aprobada en la revisión histórica por nombre/marca/modelo. No se volvió a abrir un candidato en esta iteración.,
frog-princess,Frog Princess,World-Class,Fountains,Pink frog fountain,Búsqueda adicional 2026-09-25; candidatos revisados por identidad.,"Histórica: ""8052531144915"" fireworks | 2026-09-25: World Class Frog Princess pink fountain demo",https://usa-fireworks.com/products/fountains/fountains-200-gram/frog-princess/ | https://wholesalefireworks.com/firework/frog-princess/,Video conjunto Prince/Princess; falta confirmar la variante rosa. Otros resultados son Suns.,https://www.youtube.com/watch?v=2-LZciD8Qws | https://www.youtube.com/watch?v=4PFvwWn2h50
black-cat-night-display,Night Display,Black Cat,Assortments,Retail item; exact variant must be matched,Evidencia histórica preservada (revisión 2026-09-24); no búsqueda nueva individual.,Histórica: Night Display Black Cat  fireworks demo; evidencia: Exact YouTube demonstration not approved. Similar products and UK variants are not reused.,https://www.wincofireworks.com/product/black-cat-night-display/,Sin demostración exacta aprobada en la revisión histórica por nombre/marca/modelo. No se volvió a abrir un candidato en esta iteración.,
black-cat-party-pack-4,Party Pack 4,Black Cat,Assortments,Retail item; exact variant must be matched,Evidencia histórica preservada (revisión 2026-09-24); no búsqueda nueva individual.,Histórica: Party Pack 4 Black Cat  fireworks demo; evidencia: Exact YouTube demonstration not approved. Similar products and UK variants are not reused.,https://www.wincofireworks.com/product/party-pack-4/,Sin demostración exacta aprobada en la revisión histórica por nombre/marca/modelo. No se volvió a abrir un candidato en esta iteración.,
black-cat-combo-cakes,Black Cat Combo Cakes,Black Cat,Cake Packs,4 cakes · 15 shots per cake,Búsqueda adicional 2026-09-25; candidatos revisados por identidad.,2026-09-25: Black Cat combo cakes 4 pack 15 shots demo,https://www.wincofireworks.com/product/combo-cakes/ | https://www.elitefireworks.com/products/black-cat-combo-cakes,"Coincidencia candidata: cuatro nombres coinciden, pero falta confirmar demostración del surtido completo y edición del paquete. No aprobado.",https://www.youtube.com/watch?v=4z12R3E8oXE | https://www.youtube.com/watch?v=FkbDMNjqTWA
dragon-fire-black-cat,Dragon Fire,Black Cat,Fountains,Dragon-shaped novelty fountain,Búsqueda adicional 2026-09-25; candidatos revisados por identidad.,2026-09-25: Black Cat Dragon Fire novelty fountain demo,https://www.wincofireworks.com/product/dragon-fire/ | https://vimeo.com/520041765,Resultado Black Cat UK y otro de Fox: no confirman variante estadounidense del catálogo.,https://www.youtube.com/watch?v=1lRRn1z6WPw | https://www.youtube.com/watch?v=FleVytZtVwA
black-cat-assorted-snakes,Assorted Snakes,Black Cat,Novelties,"6 boxes · Black snakes, colored snakes and glow worms",Evidencia histórica preservada (revisión 2026-09-24); no búsqueda nueva individual.,Histórica: Assorted Snakes Black Cat  fireworks demo; evidencia: Exact YouTube demonstration not approved. Similar products and UK variants are not reused.,https://www.wincofireworks.com/product/assorted-snakes/,Sin demostración exacta aprobada en la revisión histórica por nombre/marca/modelo. No se volvió a abrir un candidato en esta iteración.,
black-cat-1000-roll,Black Cat 1000 Roll,Black Cat,Firecrackers,1000-count roll,Evidencia histórica preservada (revisión 2026-09-24); no búsqueda nueva individual.,Histórica: Black Cat 1000 Roll Black Cat  fireworks demo; evidencia: Exact YouTube demonstration not approved. Similar products and UK variants are not reused.,https://dosgringosfireworks.com/black-cat-firecrackers-1000-roll/ | https://www.wincofireworks.com/product/black-cat-1000-roll/,Sin demostración exacta aprobada en la revisión histórica por nombre/marca/modelo. No se volvió a abrir un candidato en esta iteración.,
ring-of-honor-6-pack,Ring of Honor,Raccoon,Artillery Shells,5-inch shells · 6-pack,Búsqueda adicional 2026-09-25; candidatos revisados por identidad.,"Histórica: ""757201306058"" fireworks | 2026-09-25: Raccoon Ring Rings of Honor RA30605 6 5 inch shells demo",https://raccoonfireworksusa.com/product/5-ring-of-honor/ | https://www.elitefireworks.com/products/ring-of-honor,AWF describe 9 unidades; el otro video muestra seis cartuchos en envase holográfico horizontal distinto del naranja vertical aprobado. Falta confirmar código y edición.,https://www.youtube.com/watch?v=nZxj0icNA5U | https://www.youtube.com/watch?v=pFSFyAQzRxI
