product_id,status,reference,reason
nishiki-blast-6-pack,Six samples reviewed,https://www.youtube.com/watch?v=K8poHnGn55w,All six visible effects reviewed; official printed shell numbering and production-lot correspondence remain unconfirmed.
double-dragon-6-pack,Six double-break samples reviewed,https://www.youtube.com/watch?v=U6Oqjz9Y254,Final sparse embers meet the recording boundary; no automatic full-package runtime or official numbering implied.
raging-willow,Complete reviewed,https://www.youtube.com/watch?v=PnXkPdmX0NE,Five final centers timed individually; overlapping colors cannot be attributed unequivocally to each center and use the observed cluster palette.
citrus-fountain,Complete reviewed,https://www.youtube.com/watch?v=iziTm6Kz5EY,Natural exhaustion and remaining sparks visible; no unresolved ending in this reference.
snow-cone,Complete reviewed,https://www.youtube.com/watch?v=JTc54W8erGg,Observed emission ending and sparse final sparks; illustrative trajectories continue through their tail.
ghostacular-24-pack,Three samples reviewed,https://www.youtube.com/watch?v=WYXidPFSUbQ,Remaining identifiable shells in the longer reference still require individual timing and comparison; 24-shell count does not mean 24 documented effects.
neon-boom,Not available,https://www.youtube.com/watch?v=CR1TTvKxTCo,RA53040 identity and 25-shot label confirmed; overlapping mines and aerial openings prevent a defensible one-event-per-shot reconstruction. Needs fine event separation and faithful mine component.
movie-time,Excerpt retained,https://vimeo.com/994087590,Alternative exact-title Brothers reference located but not visually timed in this batch; existing approved video does not show a verified natural ending.
super-fountain,Excerpt retained,,A complete exact-variant natural ending remains unverified; existing simulation closure must stay labeled internally.
smash-hit,Not available,https://www.youtube.com/watch?v=KFtrrmeIb-s,Brothers BP4354 is a handheld fountain; requires appropriate close framing and representation before publication.
pure-fantasy,Not available,https://www.brotherspyrotechnics.com/ProductDetails/1059,BP4264 hybrid fountain/aerial effect needs temporal review and compatible framing; cannot be forced into a pure fountain profile.
break-the-rules-6-pack,Six samples reviewed,https://www.youtube.com/watch?v=QiCjafNQrhI,"Resolved in aerial batch: six exact RA60601 samples, one break each, manual retail limit six. Exploration order, not official numbering."
battle-cry,Excerpt reviewed,https://www.youtube.com/watch?v=TKlNeHeOap4,Eight visible openings versus nine-shot retail rack. Whole reference including intro inspected; a reference resolving the missing shot is required before full-sequence status.
chameleon-shells-24-pack,Twelve samples reviewed,https://www.youtube.com/watch?v=3M1DRGY7mYI,Split-screen independent samples from pairs 1 2 3 5 6 7. Pair 4 left opening unresolved; pairs 4 and 8–12 require per-side fine review before extending the bank. No official package order.
hot-dog,Complete reviewed,https://www.youtube.com/watch?v=TcKkLNEQ-hE,"Sixteen openings and complete tail reviewed. Fine timing of four overlapping finale centers remains estimated; shared silver/gold palette, not invented per-center colors."
wild-horses,Not published,https://www.youtube.com/watch?v=w5QUlnKoDnA,"Exact RA22002 and 25-shot presentation confirmed; blue/colored stars change to red and glitter, which can be mistaken for another opening. Need resolve all centers and final overlap before constructing a faithful complete timeline."
ghost-rings,Not published,https://www.youtube.com/watch?v=bmPKTKRDG4c,Exact Winda P5498 nine-shot rack; only eight openings identified. Chasing segmented color rings need their own faithful representation; no generic ring substitution published.
