productId,name,brand,manufacturerCode,category,presentation,status,profileKind,source,reviewedThisIteration,reason
the-reaper,The Reaper,Raccoon,,500g Cakes,,not-profiled,,https://www.youtube.com/watch?v=FP8t9UP0Im8,False,"Linked catalog reference available but shot-by-shot video review is not completed. Confirm this exact Raccoon The Reaper presentation, timing, cuts and tail before publication."
alien-attack,Alien Attack,Happy Family,,500g Cakes,,not-profiled,,https://www.youtube.com/watch?v=wTSWjZvHc_M,False,"Linked catalog reference available but shot-by-shot video review is not completed. Confirm this exact Happy Family Alien Attack presentation, timing, cuts and tail before publication."
night-rider,Night Rider,Monkey Mania,,200g Cakes,,not-profiled,,https://www.youtube.com/watch?v=e9y7KeeEg6Q,False,"Linked catalog reference available but shot-by-shot video review is not completed. Confirm this exact Monkey Mania Night Rider presentation, timing, cuts and tail before publication."
sucker-punch,Sucker Punch,Raccoon,,500g Cakes,500 gram · 182 shots,not-profiled,,https://www.youtube.com/watch?v=gp2KDp1AwK0&pp=ygUUc3Vja2VyIHB1bmNoIHJhY2Nvb24%3D,False,"Linked catalog reference available but shot-by-shot video review is not completed. Confirm this exact Raccoon Sucker Punch presentation, timing, cuts and tail before publication."
invincible,Invincible,Raccoon,,500g Cakes,500 gram · 198 shots,not-profiled,,https://www.youtube.com/watch?v=HAI30K7Efvs&pp=ygUcaW52aW5jaWJsZSByYWNjb29uIGZpcmV3b3Jrcw%3D%3D,False,"Linked catalog reference available but shot-by-shot video review is not completed. Confirm this exact Raccoon Invincible presentation, timing, cuts and tail before publication."
purely-american,Purely American,Raccoon,,500g Cakes,500 gram · 135 shots,not-profiled,,https://www.youtube.com/watch?v=aGbdVTJ_H34&pp=ygUhcHVyZWx5IGFtZXJpY2FuIHJhY2Nvb24gZmlyZXdvcmtz,False,"Linked catalog reference available but shot-by-shot video review is not completed. Confirm this exact Raccoon Purely American presentation, timing, cuts and tail before publication."
high-falutin,High Falutin’,Brothers,,500g Cakes,500 gram,not-profiled,,https://www.youtube.com/watch?v=-T7GDnGOadw&pp=ygUfZ2lnaCBmYWx1dGluJ2Jyb3RoZXJzIGZpcmV3b3Jrcw%3D%3D,False,"Linked catalog reference available but shot-by-shot video review is not completed. Confirm this exact Brothers High Falutin’ presentation, timing, cuts and tail before publication."
hit-the-road-jack,Hit the Road Jack,Brothers,,500g Cakes,500 gram,not-profiled,,https://www.youtube.com/watch?v=0GOAHnEJ5pQ&pp=ygUkaGl0IHRoZSByb2FkIGphY2sgYnJvdGhlcnMgZmlyZXdvcmtz,False,"Linked catalog reference available but shot-by-shot video review is not completed. Confirm this exact Brothers Hit the Road Jack presentation, timing, cuts and tail before publication."
saturday-night-special,Saturday Night Special,Brothers,,500g Cakes,500 gram,not-profiled,,https://www.youtube.com/watch?v=MLzX_n7uqaQ&pp=ygUoc2F0dWRheSBuaWdodCBzcGVjaWFsIGJyb3RoZXJzIGZpcmV3b3Jrcw%3D%3D,False,"Linked catalog reference available but shot-by-shot video review is not completed. Confirm this exact Brothers Saturday Night Special presentation, timing, cuts and tail before publication."
rush-hour,Rush Hour,Winda,,500g Cakes,500 gram · 100 shots · 3 minutes,not-profiled,,https://www.youtube.com/watch?v=lvFlycGGXpc&pp=ygUPcnVzaCBob3VyIHdpbmRh,False,"Linked catalog reference available but shot-by-shot video review is not completed. Confirm this exact Winda Rush Hour presentation, timing, cuts and tail before publication."
avalanche,Avalanche,Winda,,200g Cakes,200 gram,reference-review,,https://www.youtube.com/watch?v=rwmnn5bXmIk&pp=ygUPYXZhbGFuY2hlIHdpbmRh,True,P5138/UPC match; 25.681 s video reviewed. Delayed crackle must be separated from new openings; closing tail is clipped. Manufacturer 38 s and 2026 catalog 25 s are not substituted for observed duration.
good-thinkin-lincoln,Good Thinkin’ Lincoln,Winda,,500g Cakes,134 shots,not-profiled,,https://www.youtube.com/watch?v=zsVhk-XwLq0&pp=ygUaZ29vZCB0aGlua2luIGxpbmNvbG4gd2luZGE%3D,False,"Linked catalog reference available but shot-by-shot video review is not completed. Confirm this exact Winda Good Thinkin’ Lincoln presentation, timing, cuts and tail before publication."
ipa-4-pack,IPA 4-Pack,Winda,,Cake Packs,4-cake pack,pack,,https://www.youtube.com/watch?v=V61aoJuZnJM&pp=ygUQaXBhIDQgcGFjayB3aW5kYQ%3D%3D,False,Multiple cakes in one sale unit: need documented component identities and separate demonstrations; no single invented pack sequence.
make-america-great-again,Make America Great Again,Winda,,500g Cakes,500 gram,not-profiled,,https://www.youtube.com/watch?v=2lO-5kvcg8E&pp=ygUebWFrZSBhbWVyaWNhIGdyZWF0IGFnYWluIHdpbmRh,False,"Linked catalog reference available but shot-by-shot video review is not completed. Confirm this exact Winda Make America Great Again presentation, timing, cuts and tail before publication."
man-cave,Man Cave,Winda,,500g Cakes,500 gram,not-profiled,,https://www.youtube.com/watch?v=QFNhivmo4EE&pp=ygUObWFuIGNhdmUgd2luZGE%3D,False,"Linked catalog reference available but shot-by-shot video review is not completed. Confirm this exact Winda Man Cave presentation, timing, cuts and tail before publication."
nation-ovation,Nation Ovation,Winda,,200g Cakes,200 gram,excerpt,cake-sample,https://www.youtube.com/watch?v=EeZPscToUz0&pp=ygUUbmF0aW9uIG92YXRpb24gd2luZGE%3D,True,"Winda P5184, 16 shots, UPC 705108518401 and approved presentation match. | Thirteen isolated openings before the overlapping closing cluster. Color changes and delayed crackle remain components of one opening, not extra shots. | Entire 35.421 s video inspected; no apparent speed edit or second unit. Final overlap near 31.6 s does not resolve every center, so no complete 16-shot claim."
pyro-pilot,Pyro Pilot,Winda,,200g Cakes,200 gram,excerpt,cake-sample,https://www.youtube.com/watch?v=zQST3i4YhlY&pp=ygUQcHlybyBwaWxvdCB3aW5kYQ%3D%3D,True,P5182 and Pyro Pilot artwork/25 shots on original video match the catalog; current maker URL retains former Top Maverick wording but code and UPC agree. | First five bursts only. Later close rising clusters and overlapping finale need independent component/timing review; full video inspected but those parts are not filled by repetition. | One apparent origin; no cuts or speed change inside the selected window.
us-66,US 66,Winda,,500g Cakes,500 gram,not-profiled,,https://www.youtube.com/watch?v=Y5SX7BheKYc&pp=ygULdXMgNjYgd2luZGE%3D,False,"Linked catalog reference available but shot-by-shot video review is not completed. Confirm this exact Winda US 66 presentation, timing, cuts and tail before publication."
bump-bear,Bump Bear,Winda,P5011,200g Cakes,200 gram · 16 shots,complete,cake,https://www.youtube.com/watch?v=is8CCkWA4yI,False,Published full sequence and visible tail.
fun-fuel,Fun Fuel,Winda,P5191,200g Cakes,200 gram · 50 shots,reference-review,,https://www.youtube.com/watch?v=ayB9Kc8m-wc,True,P5191/50 shots match. Whole 27.201 s production video reviewed. Dense low rising components and overlapping fans need separate counts; last cluster still luminous at editorial ending.
eagle-pride,Eagle Pride,Raccoon,RA530120,500g Cakes,500 gram · 30 shots,not-profiled,,https://www.youtube.com/watch?v=F3JOpCzt4fw,False,"Linked catalog reference available but shot-by-shot video review is not completed. Confirm this exact Raccoon RA530120 presentation, timing, cuts and tail before publication."
america-first,America First,Raccoon,RA53064,500g Cakes,500 gram · 24 shots,not-profiled,,https://www.youtube.com/watch?v=AoL13E3J2G8,False,"Linked catalog reference available but shot-by-shot video review is not completed. Confirm this exact Raccoon RA53064 presentation, timing, cuts and tail before publication."
us-power,U.S. Power,Raccoon,RA22534,200g Cakes,200 gram · 16 shots,excerpt,cake-sample,https://www.youtube.com/watch?v=b0xT23KjsGk,False,"Official Raccoon RA22534, 200g, 16 shots. A single visible firing position; decorative video border, no obvious internal cut in the selected portion. | Eleven separated openings resolved. Later closely overlapping finale launches and bursts cannot be counted reliably from the sampled footage; excerpt deliberately ends before that cluster. No fabricated shots to reach the advertised sixteen. | Openings sampled every 0.33 s, with the overlapping finale inspected at 0.1 s. Wander paths are an illustrative approximation of the visibly turning short silver streaks."
blond-joke,Blond Joke,Brothers,BP2975,500g Cakes,500 gram · 36 shots,not-profiled,,https://www.youtube.com/watch?v=fgec75dC5C4,False,"Linked catalog reference available but shot-by-shot video review is not completed. Confirm this exact Brothers BP2975 presentation, timing, cuts and tail before publication."
2-minute-bomb,2-Minute Bomb,Raccoon,RA530259,500g Cakes,500 gram · 70 shots,not-profiled,,https://www.youtube.com/watch?v=dEeBqT5yOWw,False,"Linked catalog reference available but shot-by-shot video review is not completed. Confirm this exact Raccoon RA530259 presentation, timing, cuts and tail before publication."
american-anthem,American Anthem,Raccoon,RA57218,500g Cakes,9-shot rack,excerpt,cake-sample,https://www.youtube.com/watch?v=XlKS1F6et98,False,"Official RA57218, 9-shot rack visible on overlay; single centered rack, no obvious cut inside the selected performance. | Eight distinct openings resolved at approximately 8.7, 12.6, 16.5, 19.6, 24.3, 28.3, 31.5 and 34.9 seconds. Ninth advertised shot unresolved; keep as excerpt. | One-second sampling, no invented shots or repeated sequence. Source ends shortly after the last visible break; tail is kept within the selected window."
ant-chant,Ant Chant,Raccoon,RA530167,500g Cakes,500 gram · 180 shots,not-profiled,,https://www.youtube.com/watch?v=Vi0sYfaM0GA,False,"Linked catalog reference available but shot-by-shot video review is not completed. Confirm this exact Raccoon RA530167 presentation, timing, cuts and tail before publication."
band-of-brothers,Band of Brothers,Raccoon,RA53653,500g Cakes,500 gram · 12 shots,complete,cake,https://www.youtube.com/watch?v=Ndro9los2fk,False,Published full sequence and visible tail.
born-leaders,Born Leaders,Winda,P5599,Cake Packs,3-cake set · 757 shots,pack,,https://www.youtube.com/watch?v=U-pB9XiQA2o,False,Multiple cakes in one sale unit: need documented component identities and separate demonstrations; no single invented pack sequence.
cluster-bomb,Cluster Bomb,Raccoon,RA530119,500g Cakes,500 gram · 40 shots,not-profiled,,https://www.youtube.com/watch?v=ZRbTtKDS3Uw,False,"Linked catalog reference available but shot-by-shot video review is not completed. Confirm this exact Raccoon RA530119 presentation, timing, cuts and tail before publication."
colorful-skies,Colorful Skies,Raccoon,RA22003,200g Cakes,200 gram · 25 shots,reference-review,,https://www.youtube.com/watch?v=7gcAO4M6p8s,False,Earlier batch reviewed RA22003 reference; 25 overlapping centers remain unresolved. No new video review claimed this iteration.
dance-in-the-rain,Dance in the Rain,Raccoon,RA530146,500g Cakes,500 gram · 23 shots,not-profiled,,https://www.youtube.com/watch?v=JMIKiAhQ2m4,False,"Linked catalog reference available but shot-by-shot video review is not completed. Confirm this exact Raccoon RA530146 presentation, timing, cuts and tail before publication."
galactic-empire,Galactic Empire,Raccoon,RA530126,500g Cakes,500 gram · 21 shots,not-profiled,,https://www.youtube.com/watch?v=0OkveYwscvs,False,"Linked catalog reference available but shot-by-shot video review is not completed. Confirm this exact Raccoon RA530126 presentation, timing, cuts and tail before publication."
ghost-dragon,Ghost Dragon,Raccoon,RA57219,500g Cakes,9-shot rack,excerpt,cake-sample,https://www.youtube.com/watch?v=6zFLJt1m7q8,False,"Official Raccoon video identifies RA57219 and the 9-shot rack. | One centered unit with no obvious performance cut; introduction excluded. | Eight resolved bursts; the ninth shot cannot be separated confidently in the sampled reference. | Sector motion is an approximation of the visible changing red/white points, not a physical measurement."
ghost-killer,Ghost Killer,Raccoon,RA57217,500g Cakes,9-shot rack,excerpt,cake-sample,https://www.youtube.com/watch?v=oqXARGKUAXk,False,"Official Raccoon RA57217 9-shot rack, 500g overlay. One centered unit; no obvious internal cut or simultaneous second product. | Eight distinct bursts resolved at about 8.5, 12.85, 17.8, 21.8, 26.9, 32.9, 38.85 and 43.8 s. Advertised total is nine; the unresolved ninth is not invented. Classified as excerpt despite a dark end to the recording. | Colors shift by sectors; the peach/green stars dim before blue points dominate, rather than all stars being recolored at once."
ghost-rings,Ghost Rings,Winda,P5498,500g Cakes,9-shot rack,reference-review,,https://www.youtube.com/watch?v=bmPKTKRDG4c,True,"P5498 is confirmed, but the 44.161 s video contains separated samples/repeated-looking openings, while the maker lists 20 s. Need cut/order audit; cannot use the montage as a continuous nine-shot rhythm."
jawbreaker,Jawbreaker,Raccoon,RA22009,200g Cakes,200 gram · 25 shots,not-profiled,,https://www.youtube.com/watch?v=Vm9Ug3rc84A,False,"Linked catalog reference available but shot-by-shot video review is not completed. Confirm this exact Raccoon RA22009 presentation, timing, cuts and tail before publication."
lucky-streak,Lucky Streak,Bright Star,BS6020,200g Cakes,66 shots,not-profiled,,https://www.youtube.com/watch?v=Yf7BARQKKck,False,"Linked catalog reference available but shot-by-shot video review is not completed. Confirm this exact Bright Star BS6020 presentation, timing, cuts and tail before publication."
magnum-tremors,Magnum Tremors,Raccoon,RA57206,500g Cakes,9-shot rack,excerpt,cake-sample,https://www.youtube.com/watch?v=VihP3cMcJi4,True,"Raccoon RA57206, 3-inch nine-shot rack; box and UPC match. | Six separated openings plus two resolved centers in the last cluster. Do not manufacture the unresolved ninth shot. | One apparent origin; no obvious internal edit or speed change. Ring perspective and central falling clusters are separate parts of each break."
migraine,Migraine,Raccoon,RA57207,500g Cakes,9-shot rack,excerpt,cake-sample,https://www.youtube.com/watch?v=ElEOhs6JI0U,True,"Exact RA57207 nine-shot rack, approved box and manufacturer demonstration. | Six isolated ring-and-tail effects are published before the overlapping silver finale. The final centers need separation; no invented three-shot fill. | Entire video reviewed; selected window is continuous with one apparent origin. All falling clusters are part of their own break."
monkey-business,Monkey Business,Raccoon,RA22521,200g Cakes,200 gram · 24 shots,not-profiled,,https://www.youtube.com/watch?v=2WLNk8n4KPg,False,"Linked catalog reference available but shot-by-shot video review is not completed. Confirm this exact Raccoon RA22521 presentation, timing, cuts and tail before publication."
neon-boom,Neon Boom,Raccoon,RA53040,500g Cakes,500 gram · 25 shots,not-profiled,,https://www.youtube.com/watch?v=CR1TTvKxTCo,False,"Linked catalog reference available but shot-by-shot video review is not completed. Confirm this exact Raccoon RA53040 presentation, timing, cuts and tail before publication."
occupy-mars,Occupy Mars,Winda,P6037,500g Cakes,10 shots · girandola finale,special-presentation,,https://www.youtube.com/watch?v=R1BXlnwc260,False,Hybrid presentation requires separating low components from aerial trajectory before assigning a profile.
party-like-its-1776,Party Like It’s 1776,Winda,P5554,500g Cakes,156 shots,not-profiled,,https://www.youtube.com/watch?v=Md5UiOmVtG4,False,"Linked catalog reference available but shot-by-shot video review is not completed. Confirm this exact Winda P5554 presentation, timing, cuts and tail before publication."
battle-of-princeton,Battle of Princeton,Raccoon,RA52542,500g Cakes,500 gram · 36 shots,not-profiled,,https://www.youtube.com/watch?v=X5CKkC6qPxI,False,"Linked catalog reference available but shot-by-shot video review is not completed. Confirm this exact Raccoon RA52542 presentation, timing, cuts and tail before publication."
raging-willow,Raging Willow,Raccoon,RA22512,200g Cakes,200 gram · 19 shots,complete,cake,https://www.youtube.com/watch?v=PnXkPdmX0NE,False,Published full sequence and visible tail.
rainbow-ghost,Rainbow Ghost,Raccoon,RA530118,500g Cakes,500 gram · 195 shots,not-profiled,,https://www.youtube.com/watch?v=Fg-sEyV_LzA,False,"Linked catalog reference available but shot-by-shot video review is not completed. Confirm this exact Raccoon RA530118 presentation, timing, cuts and tail before publication."
revolution-now,Revolution Now,Raccoon,RA53071,500g Cakes,500 gram · 30 shots,not-profiled,,https://www.youtube.com/watch?v=DBZVSoZg_-k,False,"Linked catalog reference available but shot-by-shot video review is not completed. Confirm this exact Raccoon RA53071 presentation, timing, cuts and tail before publication."
road-rage-bright-star,Road Rage,Bright Star,BS8047,500g Cakes,500 gram cake,not-profiled,,https://www.youtube.com/watch?v=4wmvzEOnf2s,False,"Linked catalog reference available but shot-by-shot video review is not completed. Confirm this exact Bright Star BS8047 presentation, timing, cuts and tail before publication."
strato-launcher,Strato Launcher,Monkey Mania,MM-RM1001,200g Cakes,200 gram · 100 shots,not-profiled,,https://www.youtube.com/watch?v=dCPxXYGNVQg,False,"Linked catalog reference available but shot-by-shot video review is not completed. Confirm this exact Monkey Mania MM-RM1001 presentation, timing, cuts and tail before publication."
strobing-willow,Strobing Willow,Raccoon,RA22004,200g Cakes,200 gram · 25 shots,excerpt,cake-sample,https://www.youtube.com/watch?v=prG4cr0TASo,True,"Official RA22004 title, on-screen model and 200g package match the catalog. | Publish the first five individually resolved openings only; later faster openings and overlapping finale need finer center separation before extending to the 25-shot retail sequence. | No cut or speed change within the published window; one apparent launch area. The excerpt ends after the fifth tail, before the next opening. No artificial repeated finale. | Revision 2: 8–10 fps review resolves fifteen additional openings (15.73–22.90 s). Preserve the original first five events. Publish twenty, stopping before the unresolved overlapping final cluster near 24.4 s; still an excerpt, not a full 25-shot cake."
whisky-business,Whisky Business,Bright Star,BS8039,500g Cakes,20 shots,not-profiled,,https://www.youtube.com/watch?v=SxzplhvlmUk,False,"Linked catalog reference available but shot-by-shot video review is not completed. Confirm this exact Bright Star BS8039 presentation, timing, cuts and tail before publication."
wild-horses,Wild Horses,Raccoon,RA22002,200g Cakes,200 gram · 25 shots,excerpt,cake-sample,https://www.youtube.com/watch?v=w5QUlnKoDnA,True,"RA22002, 25 shots, manufacturer title and package match. | Eighteen independently resolved openings before the dense final cluster are published. Retail 25 is kept distinct; final overlap and any faint unresolved centers need further inspection. | The complete 39.641 s video was inspected; no obvious speed edit or second unit, but unresolved count prevents complete scope."
willow-explosion,Willow Explosion,Raccoon,RA53631,500g Cakes,500 gram · 24 shots,not-profiled,,https://www.youtube.com/watch?v=AtqiNrQGq-0,False,"Linked catalog reference available but shot-by-shot video review is not completed. Confirm this exact Raccoon RA53631 presentation, timing, cuts and tail before publication."
neon-jellyfish,Neon Jellyfish,Raccoon,RA57212,500g Cakes,9-shot rack,excerpt,cake-sample,https://www.youtube.com/watch?v=UG_3QDM9310,True,"RA57212 nine-shot rack, approved package/UPC and official video agree. | Seven separate openings before the final overlapping cluster are included. Final centers remain unresolved, so the clip is not a complete nine-shot sequence. | Camera crops portions of early rings; later openings support the geometry, with ring perspective explicitly illustrative. No second firing area observed."
wings-of-wrath,Wings of Wrath,Raccoon,RA21605,200g Cakes,200 gram · 35 shots,not-profiled,,https://www.youtube.com/watch?v=7L0NtDmfqCI,False,"Linked catalog reference available but shot-by-shot video review is not completed. Confirm this exact Raccoon RA21605 presentation, timing, cuts and tail before publication."
atom-bomb,Atom Bomb,Brothers,BP-A013-1,500g Cakes,36 shots,not-profiled,,https://www.youtube.com/watch?v=qhaZ6rztaWg,False,"Linked catalog reference available but shot-by-shot video review is not completed. Confirm this exact Brothers BP-A013-1 presentation, timing, cuts and tail before publication."
bamboozle,Bamboozle,Brothers,BP2455,500g Cakes,42 shots,not-profiled,,https://www.youtube.com/watch?v=K18Wj4yngNs,False,"Linked catalog reference available but shot-by-shot video review is not completed. Confirm this exact Brothers BP2455 presentation, timing, cuts and tail before publication."
big-top,Big Top,Brothers,BP2035,500g Cakes,42 shots,not-profiled,,https://www.youtube.com/watch?v=LA32zI0iw5M,False,"Linked catalog reference available but shot-by-shot video review is not completed. Confirm this exact Brothers BP2035 presentation, timing, cuts and tail before publication."
blood-money,Blood Money,Brothers,BP-A090-3,500g Cakes,49 shots,not-profiled,,https://www.youtube.com/watch?v=CG05DMsgT1s,False,"Linked catalog reference available but shot-by-shot video review is not completed. Confirm this exact Brothers BP-A090-3 presentation, timing, cuts and tail before publication."
canopus,Canopus,Brothers,BP-A084-1,500g Cakes,48 shots,reference-review,,https://www.youtube.com/watch?v=9aRHa155mRQ,True,BP-A084-1 and 48 shots match. Complete 47.881 s video reviewed; glitter and closely spaced centers still require shot-by-shot separation. No evenly spaced 48-shot fill.
capella,Capella,Brothers,BP-A084-4,500g Cakes,48 shots,not-profiled,,https://www.youtube.com/watch?v=fBjBlqBQF-I,False,"Linked catalog reference available but shot-by-shot video review is not completed. Confirm this exact Brothers BP-A084-4 presentation, timing, cuts and tail before publication."
captain-sam,Captain Sam,Brothers,BP2228,200g Cakes,30 shots · Daytime parachutes,special-presentation,,https://www.youtube.com/watch?v=uuczVlBEGB4,False,Daytime/parachute cake requires a suitable daylight scene and component audit; not forced into Dallas.
centauri,Centauri,Brothers,BP-A084-2,500g Cakes,48 shots,not-profiled,,https://www.youtube.com/watch?v=ijMD-z7JBns,False,"Linked catalog reference available but shot-by-shot video review is not completed. Confirm this exact Brothers BP-A084-2 presentation, timing, cuts and tail before publication."
cobalt-bomb,Cobalt Bomb,Brothers,BP-A013-4,500g Cakes,36 shots,not-profiled,,https://www.youtube.com/watch?v=R3bPGBd6Tag,False,"Linked catalog reference available but shot-by-shot video review is not completed. Confirm this exact Brothers BP-A013-4 presentation, timing, cuts and tail before publication."
crime-scene,Crime Scene,Brothers,BP-A090-1,500g Cakes,49 shots,not-profiled,,https://www.youtube.com/watch?v=XLFL_7QO1bA,False,"Linked catalog reference available but shot-by-shot video review is not completed. Confirm this exact Brothers BP-A090-1 presentation, timing, cuts and tail before publication."
daffodil,Daffodil,Brothers,BP2115,200g Cakes,200 gram · 16 shots,excerpt,cake-sample,https://www.youtube.com/watch?v=_8IthnKIchA,False,BP2115 shown on packaging; American Wholesale Fireworks republishes a Brothers demonstration. | Single centered unit; no obvious cut or speed change inside the observed segment. | 15 bursts resolved at 0.5-second sampling; the source labels the product 16 shots. The unresolved shot is not invented. | Steady individual rhythm; no invented multi-shot finale.
golden-peacock,Golden Peacock,Brothers,BP2112,200g Cakes,200 gram · 16 shots,complete,cake,https://www.youtube.com/watch?v=0ZGF8eiJvcc,False,Published full sequence and visible tail.
hydrogen-bomb,Hydrogen Bomb,Brothers,BP-A013-2,500g Cakes,36 shots,not-profiled,,https://www.youtube.com/watch?v=1h7h6Kq3kBs,False,"Linked catalog reference available but shot-by-shot video review is not completed. Confirm this exact Brothers BP-A013-2 presentation, timing, cuts and tail before publication."
inside-job,Inside Job,Brothers,BP-A090-2,500g Cakes,49 shots,not-profiled,,https://www.youtube.com/watch?v=ZeYCnVqun4g,False,"Linked catalog reference available but shot-by-shot video review is not completed. Confirm this exact Brothers BP-A090-2 presentation, timing, cuts and tail before publication."
jaws-brothers,Jaws,Brothers,BP2377,200g Cakes,16 shots,complete,cake,https://www.youtube.com/watch?v=OgutQQqqgfY,False,Published full sequence and visible tail.
mechanical-bug,Mechanical Bug,Brothers,BP2838,200g Cakes,100 shots,not-profiled,,https://www.youtube.com/watch?v=m30pnWTCVKg,False,"Linked catalog reference available but shot-by-shot video review is not completed. Confirm this exact Brothers BP2838 presentation, timing, cuts and tail before publication."
megawatt,MegaWatt,Brothers,BP2608,500g Cakes,295 shots,not-profiled,,https://www.youtube.com/watch?v=En2v2rgq0xo,False,"Linked catalog reference available but shot-by-shot video review is not completed. Confirm this exact Brothers BP2608 presentation, timing, cuts and tail before publication."
midnight,Midnight,Brothers,BP2346,500g Cakes,204 shots,not-profiled,,https://www.youtube.com/watch?v=RpqCohMZK3k,False,"Linked catalog reference available but shot-by-shot video review is not completed. Confirm this exact Brothers BP2346 presentation, timing, cuts and tail before publication."
neutron-bomb,Neutron Bomb,Brothers,BP-A013-3,500g Cakes,36 shots,not-profiled,,https://www.youtube.com/watch?v=9c-pT9O7n1o,False,"Linked catalog reference available but shot-by-shot video review is not completed. Confirm this exact Brothers BP-A013-3 presentation, timing, cuts and tail before publication."
old-ironsides,Old Ironsides,Brothers,BP2452,Cakes - Size Unconfirmed,30 shots,not-profiled,,https://www.youtube.com/watch?v=3d8P_pGNLc4,False,"Linked catalog reference available but shot-by-shot video review is not completed. Confirm this exact Brothers BP2452 presentation, timing, cuts and tail before publication."
sons-of-liberty,Sons of Liberty,Brothers,BP2472,500g Cakes,500 gram · 36 shots,not-profiled,,https://www.youtube.com/watch?v=UvEESO3wl_8,False,"Linked catalog reference available but shot-by-shot video review is not completed. Confirm this exact Brothers BP2472 presentation, timing, cuts and tail before publication."
the-red-white-and-blue-salute,"The Red, White and Blue Salute",Brothers,BP2905,200g Cakes,24 shots,not-profiled,,https://www.youtube.com/watch?v=c0yqJUHTdkQ,False,"Linked catalog reference available but shot-by-shot video review is not completed. Confirm this exact Brothers BP2905 presentation, timing, cuts and tail before publication."
turf-war,Turf War,Brothers,BP-A090-4,500g Cakes,49 shots,not-profiled,,https://www.youtube.com/watch?v=Qrs8rEAhXRE,False,"Linked catalog reference available but shot-by-shot video review is not completed. Confirm this exact Brothers BP-A090-4 presentation, timing, cuts and tail before publication."
vega,Vega,Brothers,BP-A084-3,500g Cakes,48 shots,not-profiled,,https://www.youtube.com/watch?v=H3oBKOX2QnM,False,"Linked catalog reference available but shot-by-shot video review is not completed. Confirm this exact Brothers BP-A084-3 presentation, timing, cuts and tail before publication."
wild-west,Wild West,Brothers,BP2924,200g Cakes,25 shots,complete,cake,https://www.youtube.com/watch?v=RbwodLEP4lw,True,Published full sequence and visible tail.
wildcard,Wildcard,Brothers,BP2624,200g Cakes,200 gram · 49 shots,not-profiled,,https://www.youtube.com/watch?v=R9QML3hq5kM,False,"Linked catalog reference available but shot-by-shot video review is not completed. Confirm this exact Brothers BP2624 presentation, timing, cuts and tail before publication."
flying-colors,Flying Colors,Brothers,BP2856,200g Cakes,41 shots,not-profiled,,https://www.youtube.com/watch?v=wzrbWj7K7SI,False,"Linked catalog reference available but shot-by-shot video review is not completed. Confirm this exact Brothers BP2856 presentation, timing, cuts and tail before publication."
absolute-pyro,Absolute Pyro,,,500g Cakes,156 shots,identity-blocked,,https://www.youtube.com/watch?v=W130ZNmvexE,False,Catalog brand is missing. Exact maker/variant must be reconciled before interpreting the linked demonstration.
fallout,Fallout,Fox,,500g Cakes,500 gram · 24 shots,not-profiled,,https://www.youtube.com/watch?v=cieneeS7rKc,False,"Linked catalog reference available but shot-by-shot video review is not completed. Confirm this exact Fox Fallout presentation, timing, cuts and tail before publication."
light-brigade,Light Brigade,Brothers,,500g Cakes,42 shots,not-profiled,,https://www.youtube.com/watch?v=eKDVVEhl6ss,False,"Linked catalog reference available but shot-by-shot video review is not completed. Confirm this exact Brothers Light Brigade presentation, timing, cuts and tail before publication."
magical-barrage-100,Magical Barrage,Black Cat,,200g Cakes,100 shots,not-profiled,,https://www.youtube.com/watch?v=eQWyLLmgfKY,False,"Linked catalog reference available but shot-by-shot video review is not completed. Confirm this exact Black Cat Magical Barrage presentation, timing, cuts and tail before publication."
outlaw-justice,Outlaw Justice,Fox,,500g Cakes,500 gram · 36 shots,not-profiled,,https://www.youtube.com/watch?v=BQxeA7o5Y6g,False,"Linked catalog reference available but shot-by-shot video review is not completed. Confirm this exact Fox Outlaw Justice presentation, timing, cuts and tail before publication."
whacky-tobacky,Whacky Tobacky,Brothers,,500g Cakes,9-shot rack,excerpt,cake-sample,https://www.youtube.com/watch?v=kfKXaQZ-2rk,True,"Manufacturer BP2501 nine-shot rack, approved package and SKU 687985250110 match. | Six isolated centers and two independently visible final centers are resolved; nine is the retail count, not permission to add a ninth event. | Single apparent firing area; continuous performance timer, no observed speed edit. Full visible tail reviewed, but missing/unresolved ninth opening keeps excerpt scope."
walkin-dead,Walkin' Dead,Black Cat,,200g Cakes,200 gram · 19 shots,not-profiled,,https://www.youtube.com/watch?v=egB6g9q3aXk,False,"Linked catalog reference available but shot-by-shot video review is not completed. Confirm this exact Black Cat Walkin' Dead presentation, timing, cuts and tail before publication."
war-hero,War Hero,Brothers,,500g Cakes,500 gram · 30 shots,not-profiled,,https://www.youtube.com/watch?v=x1vaORd54Eo,False,"Linked catalog reference available but shot-by-shot video review is not completed. Confirm this exact Brothers War Hero presentation, timing, cuts and tail before publication."
call-the-cops,Call the Cops,Black Cat,,200g Cakes,200 gram · 87 shots,reference-review,,https://www.youtube.com/watch?v=MFaJo3F_8R4,True,87-shot retail label matches approved Black Cat box. Whole 40.761 s video reviewed. Long middle run of tiny rising reports/comets cannot be counted as spherical bursts; resolve all low-level shots and fan salvos first.
forever-loyal,Forever Loyal,Pyro Shine,,500g Cakes,500 gram · 25 shots,not-profiled,,https://www.youtube.com/watch?v=meX3dU3eNm4,False,"Linked catalog reference available but shot-by-shot video review is not completed. Confirm this exact Pyro Shine Forever Loyal presentation, timing, cuts and tail before publication."
fuego-loco,Fuego Loco,Black Cat,,200g Cakes,200 gram · 20 shots,not-profiled,,https://www.youtube.com/watch?v=ua-qvzDNDPg,False,"Linked catalog reference available but shot-by-shot video review is not completed. Confirm this exact Black Cat Fuego Loco presentation, timing, cuts and tail before publication."
mass-confusion,Mass Confusion,Black Cat,,500g Cakes,45 shots,not-profiled,,https://www.youtube.com/watch?v=S1dUXLCc8fw,False,"Linked catalog reference available but shot-by-shot video review is not completed. Confirm this exact Black Cat Mass Confusion presentation, timing, cuts and tail before publication."
sky-ink,Sky Ink,Black Cat,,200g Cakes,200 gram · 16 shots,complete,cake,https://www.youtube.com/watch?v=mFICypgeVm8,True,Published full sequence and visible tail.
aggression,Aggression,Raccoon,RA22007,200g Cakes,200 gram · 25 shots,not-profiled,,https://www.youtube.com/watch?v=fLGTxYPM494,False,"Linked catalog reference available but shot-by-shot video review is not completed. Confirm this exact Raccoon RA22007 presentation, timing, cuts and tail before publication."
bang-bros,Bang Bros,Raccoon,RA53078,500g Cakes,500 gram · 44 shots,not-profiled,,https://www.youtube.com/watch?v=ifr85jVKpT8,False,"Linked catalog reference available but shot-by-shot video review is not completed. Confirm this exact Raccoon RA53078 presentation, timing, cuts and tail before publication."
battle-cry,Battle Cry,Raccoon,RA57203,500g Cakes,9-shot rack,excerpt,cake-sample,https://www.youtube.com/watch?v=TKlNeHeOap4,False,"Raccoon RA57203, 500g commercial cake group, 9-shot rack. Exact code/title and box match the catalog. | The entire 42.081-second video was reviewed, including the opening. Only eight centers are visible: 7.08, 11.30, 15.25, 19.25, 24.08, 28.20, 33.15, 37.78. No ninth event is invented; retain excerpt scope despite observing the last visible tail. | Static view and one apparent origin; no interior performance cuts or speed changes detected. Title ends near 5.9. Retail shot count remains distinct from eight reviewed events."
color-rage,Color Rage,Raccoon,RA53072,500g Cakes,500 gram · 30 shots,not-profiled,,https://www.youtube.com/watch?v=NvDuDojoKT4,False,"Linked catalog reference available but shot-by-shot video review is not completed. Confirm this exact Raccoon RA53072 presentation, timing, cuts and tail before publication."
hot-as-hell,Hot as Hell,Raccoon,RA57216,500g Cakes,9-shot rack,identity-blocked,,https://www.youtube.com/watch?v=yFp0xaHG-qY,True,Catalog manufacturerCode RA57216 differs from RA57218 printed in the linked video. Exact variant unresolved; do not silently replace the code.
joker-raccoon,Joker,Raccoon,RA22517,200g Cakes,200 gram · 20 shots,not-profiled,,https://www.youtube.com/watch?v=5gunJrX6dQc,False,"Linked catalog reference available but shot-by-shot video review is not completed. Confirm this exact Raccoon RA22517 presentation, timing, cuts and tail before publication."
neon-celebration,Neon Celebration,Raccoon,RA52003,500g Cakes,500 gram · 60 shots,not-profiled,,https://www.youtube.com/watch?v=JKspqiO_2Ag,False,"Linked catalog reference available but shot-by-shot video review is not completed. Confirm this exact Raccoon RA52003 presentation, timing, cuts and tail before publication."
2-minutes-extravaganza,2 Minutes Extravaganza,TNT,,500g Cakes,,not-profiled,,https://www.youtube.com/watch?v=Mz9Fq2UKTfU,False,"Linked catalog reference available but shot-by-shot video review is not completed. Confirm this exact TNT 2 Minutes Extravaganza presentation, timing, cuts and tail before publication."
american-wildcard,American Wildcard,Brothers,,200g Cakes,49 shots · 200 gram,not-profiled,,https://www.youtube.com/watch?v=QMXEm96HtVE,False,"Linked catalog reference available but shot-by-shot video review is not completed. Confirm this exact Brothers American Wildcard presentation, timing, cuts and tail before publication."
daytime-reveal-pink,Daytime Reveal Pink,Sky Bacon,,200g Cakes,16 shots · Pink smoke,special-presentation,,https://www.youtube.com/watch?v=vfHbwYme_jE,False,Daytime color-reveal effect needs daylight representation; no nighttime spherical-burst substitute.
hot-dog,Hot Dog,World-Class,,200g Cakes,16 shots · 200 gram,complete,cake,https://www.youtube.com/watch?v=TcKkLNEQ-hE,False,Published full sequence and visible tail.
one-bad-mother-in-law,One Bad Mother-In-Law,World-Class,,500g Cakes,16 shots · 500 gram,excerpt,cake-sample,https://www.youtube.com/watch?v=RCZOKivGERU,False,"World-Class 16-shot 500g presentation and approved package match the OCFireworks reference. | Twelve separated openings followed by four distinct overlapping finale centers around 30.80–30.97; individual onset estimates, not a new firing pattern. | One apparent unit; no visible edit or speed change in the performance. | All sixteen openings are represented, but sparse final embers meet the recording boundary. Retain excerpt status; 33.4 seconds is this preview, not a verified total product duration."
pizza-platter,Pizza Platter,Winda,,Cake Packs,6 cakes · 15 shots per cake,pack,,https://www.youtube.com/watch?v=dKCirafSi6s,False,Multiple cakes in one sale unit: need documented component identities and separate demonstrations; no single invented pack sequence.
super-cakes-4-pack,Super Cakes,Happy Family,JLAS500-1,Cake Packs,4 cakes,pack,,https://www.youtube.com/watch?v=Pd_OvuU93nQ,False,Multiple cakes in one sale unit: need documented component identities and separate demonstrations; no single invented pack sequence.
vertical-limit,Vertical Limit,Cutting Edge,,200g Cakes,16 shots · 200 gram,excerpt,cake-sample,https://www.youtube.com/watch?v=vbqaM8cz2ZE,False,"Cutting Edge package and 16-shot presentation match the inventory; single apparent launch area. | Sixteen distinct openings counted. No edit or speed change observed within 6.80–38.35; branded intro/outro excluded. | All sixteen openings are represented. Editorial fade begins with sparse embers still visible near 38.35–38.60; keep preview scope, not a verified full product duration. First three lift cues are visually unresolved and omitted."
viva-mexico,Viva Mexico,Sky Bacon,,500g Cakes,19 shots · 500 gram,not-profiled,,https://www.youtube.com/watch?v=4DyNqNq3Rtk,False,"Linked catalog reference available but shot-by-shot video review is not completed. Confirm this exact Sky Bacon Viva Mexico presentation, timing, cuts and tail before publication."
whats-that,What's That!?!,Sky Bacon,,500g Cakes,Cake and girandola,special-presentation,,https://www.youtube.com/watch?v=L2WsPuS3AI8,False,Novelty/hybrid presentation needs explicit component and scene review; not inferred from its cake category.
openfire,Openfire,Brothers,BP2086,500g Cakes,33 shots · 500 gram,not-profiled,,https://www.youtube.com/watch?v=_0OpXDqUtwE,False,"Linked catalog reference available but shot-by-shot video review is not completed. Confirm this exact Brothers BP2086 presentation, timing, cuts and tail before publication."
black-cat-combo-cakes,Black Cat Combo Cakes,Black Cat,,Cake Packs,4 cakes · 15 shots per cake,pack,,,False,No linked demonstration; component identities and individual sequences needed.
dreams-from-heaven,Dreams from Heaven,Raccoon,RA22010,200g Cakes,200 gram · 25 shots,excerpt,cake-sample,https://www.youtube.com/watch?v=ro7nIqMhvx0,True,"Exact Raccoon RA22010, 25-shot cake, approved artwork and UPC 757201220101. | Eighteen individually resolved openings are retained, ending before the overlapping crackling finale near 30.4 s. The reference does not resolve all 25 centers, so no missing shots are synthesized. | Whole 35.121 s reference inspected. One apparent origin, no speed change observed; variable ring perspectives are illustrative. The final cluster is not miscounted as each of its crackling flowers."
pirate-captain,Pirate Captain,Raccoon,RA22518,200g Cakes,200 gram · 21 shots,reference-review,,https://www.youtube.com/watch?v=SRH8mSodlK8,True,"RA22518/21 shots match. Whole 29.961 s video reviewed. Paired blue/white centers, pauses and late isolated samples need cut/sequence reconciliation; tail remains at final frame."
